S.No.,Name,Main City,State,Rank
1,"A. M. C. College of Engineering",Bengaluru,Karnataka
2,"A. M. Reddy Memorial College of Engineering and Technology",Narasaraopet,Andhra Pradesh
3,"A. V. C. College of Engineering",Mayiladuthurai,Tamil Nadu
4,"AARUPADAI VEEDU INSTITUTE OF TECHNOLOGY",Chennai,Tamil Nadu
5,"ABACUS Institute of Engineering and Management 240",Magra,West Bengal
6,"ABES Engineering College",Ghaziabad,Uttar Pradesh
7,"ABES Institute of Technology",Ghaziabad,Uttar Pradesh
8,"Academy of Maritime Education and Training",Kancheepuram,Tamil Nadu
9,"Academy of Technology",Hooghly,West Bengal
10,"Accurate Institute of Management & Technology",Greater Noida,Uttar Pradesh
11,"Acharya Institute of Technology",Bengaluru,Karnataka
12,"Acropolis Institute of Technology & Research, Vill",Indore,Madhya Pradesh
13,"ACS COLLEGE OF ENGINEERING",Bengaluru,Karnataka
14,"Adarsh Institute of Technology & Research Centre, Post -? Khambale (Bha.), Near MIDC,Tasgaon Road, VITA, Tal. Khanapur Dist. Sangli ",Vita,Maharashtra
15,"Adi Shankara Institute of Engineering and Technology",Kalady,Kerala
16,"Adichunchanagiri Institute of Technology",Chikmagalur,Karnataka
17,"Adikavi Nannaya University",Rajahmundry,Andhra Pradesh
18,"ADINA INSTITUTE OF SCIENCE AND TECHNOLOGY, SAGAR, MP",Sagar,Madhya Pradesh
19,"Aditya College of Engineering",Madanapalle,Andhra Pradesh
20,"Aditya College of Engineering",Surampalem,Andhra Pradesh
21,"Aditya College of Engineering & Technology",Kakinada,Andhra Pradesh
22,"Aditya Engineering College",Surampalem,Andhra Pradesh
23,"Aditya Institute of Technology and Management",Tekkali,Andhra Pradesh
24,"Agnel Institute of Technology and Design",Assagao,Goa
25,"Agni College of Technology",CHENNAI,Tamil Nadu
26,"Ajay Kumar Garg Engineering College",Ghaziabad,Uttar Pradesh
27,"Akshaya College of Engineering and Technology",Coimbatore,Tamil Nadu
28,"AL-Ameen Engineering College",Erode,Tamil Nadu
29,"Aldel Education Trusts St John College of Engg Vevoor Palghar Tal Palghar Dist Thane",Thane,Maharashtra
30,"Alfa College of Engineering and Technology",Allagadda,Andhra Pradesh
31,"Aligarh Muslim University",Aligarh,Uttar Pradesh,40
32,"All India Shivaji Memorial Societys College of Engineering, Pune",Pune,Maharashtra
33,"All India Shri Shivaji Memorial Society`s Institute of Information Technology",Pune,Maharashtra
34,"Alliance University",Bengaluru,Karnataka,186
35,"Alvas Institute of Engineering and Technology, MOODBIDRI",Dakshina Kannada,Karnataka
36,"Ambal Professional Group of Institutions",Tiruppur,Tamil Nadu
37,"Ambedkar Institute of Advanced Communication Technologies and Research",Delhi,Delhi
38,"Amity University",Gautam Budh Nagar,Uttar Pradesh,35
39,"Amrita Sai Institute of Science & Technology",Krishna,Andhra Pradesh
40,"Amritsar College of Engineering & Technology",Amritsar,Punjab
41,"Amrutha Institute of Engineering & Management Sciences",Bengaluru,Karnataka
42,"Amrutvahini College of Engineering, Sangamner",Sangamner,Maharashtra
43,"ANAND INSTITUTE OF HIGHER TECHNOLOGY",Chennai,Tamil Nadu
44,"Anand Institute of Information Science (SFI)-Anand 501",ANAND,Gujarat
45,"Andhra Engineering College",Atmakur,Andhra Pradesh
46,"Andhra Loyola Institute of Engineering and Technology",Vijayawada,Andhra Pradesh
47,"Angadi Instittute of Technology and Management",Belgaum,Karnataka
48,"ANIL NEERUKONDA INSTITUTE OF TECHNOLOGY & SCIENCES",Visakhapatnam,Andhra Pradesh
49,"Anjuman-I-Islam`s Kalsekar Technical Campus",New Panvel,Maharashtra
50,"Anna University",Chennai,Tamil Nadu,9
51,"Annai Vailankanni College of Engineering",Nagercoil,Tamil Nadu
52,"ANNAMACHARYA INSTITUTE OF TECHNOLOGY & SCIENCES",Rajampet,Andhra Pradesh
53,"Annamacharya Institute of Technology and Sciences",Kadapa,Andhra Pradesh
54,"Annamalai University",Annamalai nagar,Tamil Nadu
55,"Annamcharya Institute of Technology & Sciences",Tirupati,Andhra Pradesh
56,"Annasaheb Dange College of Engineering and Technology, Ashta",Ashta,Maharashtra
57,"Ansal University",Gurgaon,Haryana
58,"Anurag Engineering College",ANANTHAGIRI (V&M),Telangana
59,"Anurag Group of Institutions",Hyderabad,Telangana,169
60,"Arasu Engineering College",Thanjavur,Tamil Nadu
61,"Army Institute of Technology",Pune,Maharashtra,91
62,"Arunachala College of Engineering for Women",Kanniyakumari,Tamil Nadu
63,"Arya College of Engg. & Information Technology",Jaipur,Rajasthan
64,"Asansol Engineering College",Asansol,West Bengal
65,"Assam Don Bosco University",Azara,Assam
66,"ASSAM DOWN TOWN UNIVERSITY",Kamrup Metropolitan,Assam
67,"Atal Bihari Vajpayee Indian Institute of Information Technology and Management",Gwalior,Madhya Pradesh,81
68,"ATME College of Engineering",Mysore,Karnataka
69,"Audisankara College of Engineering & Technology",Gudur,Andhra Pradesh
70,"Aurora`s Engineering College",Bhongir,Telangana
71,"Aurora`s Scientific & Technological Institute",Hyderabad,Telangana
72,"Aurora`s Technological and Research Instiute",Hyderabad,Telangana
73,"B I T SINDRI",Dhanbad,Jharkhand
74,"B. M. S. College of Engineering",Bengaluru,Karnataka,69
75,"B. P. Poddar Institute of Management & Technology",Kolkata,West Bengal
76,"B. S. Abdur Rahman Crescent Institute of Science and Technology",Chennai,Tamil Nadu,131
77,"Baba Banda Singh Engg. College, Fatehgarh Sahib",Fatehgarh Sahib,Punjab
78,"Baba Ghulam Shah Badshah University",Rajouri,Jammu and Kashmir
79,"Babasheb Bhimrao Ambedkar University",Lucknow,Uttar Pradesh
80,"Balaji Institute of Technology and Science",Proddatur,Andhra Pradesh
81,"Ballari Institute of Technology & Management",Bellary,Karnataka
82,"Bannari Amman Institute of Technology",Sathyamangalam,Tamil Nadu,98
83,"Bansilal Ramnath Agarwal Charitable Trust`s Vishwakarama Institute of Technology",Pune,Maharashtra,155
84,"Bapatla Engineering College",Bapatla,Andhra Pradesh
85,"Bapatla Women`s Engineering College",Bapatla,Andhra Pradesh
86,"BASAVAKALYAN ENGINEERING COLLEGE",Basavakalyan,Karnataka
87,"Basaveshwar Engineering College",Bagalkot,Karnataka,191
88,"BEANT COLLEGE OF ENGINEERING & TECHNOLOGY,GURDASPUR",Gurdaspur,Punjab
89,"Bengal College of Engineering & Technology",Durgapur,West Bengal
90,"BENGAL INSTITUTE OF TECHNOLOGY",Kolkata,West Bengal
91,"Bhagalpur College of Engineering",Bhagalpur,Bihar
92,"Bhagwan Parshuram Institute of Technology",Delhi,Delhi
93,"Bharati Vidyapeeth 'S College of Engineering for Women",Pune,Maharashtra
94,"BHARATI VIDYAPEETH COLLEGE OF ENGINEERING",Navi Mumbai,Maharashtra
95,"Bharati Vidyapeeth Deemed University College of Engineering",Pune,Maharashtra,93
96,"Bharati Vidyapeeth`s College of Engineering",Pune,Maharashtra
97,"Bharati Vidyapeeth`s College of Engineering",Kolhapur,Maharashtra
98,"Bharati Vidyapeeth`s College of Engineering",New Delhi,Delhi
99,"Bharatiya Vidya Bhavan`s Sardar Patel Institute of Technology",Mumbai,Maharashtra,114
100,"BHEEMA INSTITUTE OF TECHNOLOGY AND SCIENCE",Adoni,Andhra Pradesh
101,"Bheemanna Khandre Institute of Technology",Bhalki,Karnataka
102,"Bhilai Institute of Technology",Durg,Chhattisgarh
103,"Bhilai Institute of Technology",Raipur,Chhattisgarh
104,"Birla Institute of Technology",Ranchi,Jharkhand,33
105,"Birla Institute of Technology & Science",Pilani,Rajasthan,25
106,"Birla Vishvakarma Mahavidyalaya",Vallabh Vidyanagar,Gujarat
107,"BLDEA`s College of Engg. & Technology",Bijapur,Karnataka
108,"BMS Institute of Technology & Management",Bengaluru,Karnataka,157
109,"BNM Institute of Technology",Bengaluru,Karnataka,156
110,"Bonam Venkata Chalamaiah Institute of Technology and Science",Amalapuram,Andhra Pradesh
111,"BONAM VENKATA CHALAMAYYA ENGINEERING COLLEGE",Amalapuram,Andhra Pradesh
112,"Brahmaiah College of Engineering",Nellore,Andhra Pradesh
113,"BRAHMDEVDADA MANE INSTITUTE OF TECHNOLOGY",Belati,Maharashtra
114,"Brindavan Institute of Technology and Science",Kurnool,Andhra Pradesh
115,"BVRIT Hyderabad",Hyderabad,Telangana,147
116,"C M R Institute of Technology",Bengaluru,Karnataka,175
117,"C. K. Pithawala College of Engg & Technology",Surat,Gujarat
118,"C. U. Shah University",Wadhwan City,Gujarat
119,"C. V. Raman College of Engineering ",Bhubaneswar,Odisha,94
120,"C.A.R.E. Group of Institutions",Tiruchirappalli,Tamil Nadu
121,"Cambridge Institute of Technology",Ranchi,Jharkhand
122,"Cambridge Institute of Technology",Bengaluru,Karnataka
123,"Canara Engineering College",Mangaluru,Karnataka
124,"Central University of Rajasthan",Ajmer,Rajasthan
125,"Centurion University of Technology and Management",Paralakhemundi,Odisha
126,"CGC College of Engineering, Landran",Sahibzada Ajit Singh Nagar,Punjab
127,"CH. DEVI LAL STATE INSTITUTE OF ENGINEERING & TECHNOLOGY",Sirsa,Haryana
128,"Chadalawada Ramanamma Engineering College",Tirupati,Andhra Pradesh
129,"Chaitanya Bharathi Institute of Technology",Hyderabad,Telangana,100
130,"CHAITANYA INSTITUTE OF TECHNOLOGY & SCIENCE",Hanmakonda,Telangana
131,"Chalapathi Institute of Engineering and Technology",Guntur,Andhra Pradesh
132,"Chandigarh College of Engineering & Technology",Chandigarh,Chandigarh
133,"Chandigarh Engg College",Sahibzada Ajit Singh Nagar,Punjab
134,"Chandigarh University",Mohali,Punjab,118
135,"Chandubhai S. Patel Institute of Technology",Anand,Gujarat
136,"Chennai Institute of Technology",Chennai,Tamil Nadu
137,"CHERAN COLLEGE OF ENGINEERING",KARUR,Tamil Nadu
138,"Chettinad College of Engineering & Technology",Karur,Tamil Nadu
139,"Chhatrapati Shivaji Institute of Technology Kolihapuri",Durg,Chhattisgarh
140,"Chhotubhai Gopalbhai Patel Institute of Technology",Bardoli,Gujarat
141,"Chitkara University",Rajpura,Punjab
142,"Choudhary Charan Singh University",Meerut,Uttar Pradesh
143,"Chouksey Engineering College",Bilaspur,Chhattisgarh
144,"Christ University",Bengaluru,Karnataka
145,"CMR College of Engineering & Technology",Hyderabad,Telangana
146,"CMR Engineering College",Rangareddy,Telangana
147,"CMR Institute of Technology",Hyderabad,Telangana
148,"CMR Technical Campus",Hyderabad,Telangana
149,"Coimbatore Institute of Engineering and Technology",Coimbatore,Tamil Nadu
150,"Coimbatore Institute of Technology",Coimbatore,Tamil Nadu,68
151,"College of Agricultural Engineering & Technology",Akola,Maharashtra
152,"College of Engineering",Pune,Maharashtra,49
153,"College of Engineering",Solapur,Maharashtra
154,"College of Engineering",Karunagappally,Kerala
155,"College of Engineering",Thiruvananthapuram,Kerala,71
156,"College of Engineering & Technology",Akola,Maharashtra
157,"College of Engineering & Technology, Bhubaneswar",Bhubaneswar,Odisha
158,"College of Engineering Visakhapatnam",Visakhapatnam,Andhra Pradesh,59
159,"COLLEGE OF ENGINEERING, CHERTHALA",Cherthala,Kerala
160,"COLLEGE OF ENGINEERING, PATHANAPURAM",Pathanapuram,Kerala
161,"College of Poultry Production and Management",Hosur,Tamil Nadu
162,"CVR College of Engineering",Secunderabad,Telangana
163,"D. K. T. E. Society`s Textile and Engineering Institute",Ichalkaranji,Maharashtra
164,"D. M. I. College of Engineering",Kancheepuram,Tamil Nadu
165,"D. N. R. College of Engineering & Technology",West Godavari,Andhra Pradesh
166,"D. Y. Patil College of Engineering & Technology",Kolhapur,Maharashtra
167,"D. Y. Patil Education Society, D.Y. Patil Technical Campus, Faculty of Engineering",kolhapur,Maharashtra
168,"D. Y. Patil Pratishthans D.Y. Patil College of Engineering",Pune,Maharashtra
169,"Daita Madhusudana Sastry Sri Venkateswara Hindu College of Engineering",Machilipatnam,Andhra Pradesh
170,"DARSHAN INSTITUTE OF ENGG. & TECH., RAJKOT-MORBI HIGHWAY, HADALA 054 ",Rajkot,Gujarat
171,"Datta Meghe Institute of Engineering Technology and Research",Wardha,Maharashtra
172,"Dayalbagh Educational Institute",Agra,Uttar Pradesh,84
173,"Dayananda Sagar Academy of Technology & Management Technical Campus",Bengaluru,Karnataka
174,"Dayananda Sagar College of Engineering",Bengaluru,Karnataka,127
175,"DAYANANDA SAGAR UNIVERSITY",Bengaluru,Karnataka
176,"Deenbandhu Chhotu Ram University of Science & Technology",Sonipat,Haryana
177,"Defence Institute of Advanced Technology",Pune,Maharashtra,57
178,"Delhi Institute of Tool Engineering",Delhi,Delhi
179,"Delhi Technological University",New Delhi,Delhi,34
180,"Deogiri Technical Campus for Engineering and Management Studies",Aurangabad,Maharashtra
181,"Desh Bhagat University",Gobindgarh,Punjab
182,"Devi Ahilya Vishwavidyalaya",Indore,Madhya Pradesh
183,"Dhanalakshmi Srinivasan College of Engineering",Coimbatore,Tamil Nadu
184,"Dharmsinh Desai University",Nadiad,Gujarat
185,"Dhirubhai Ambani Institute of Information and Communication Technology",Gandhinagar,Gujarat,92
186,"Dhole Patil Education Society`s, Dhole Patil College of Engineering",Pune,Maharashtra
187,"DIBRUGARH UNIVERSITY INSTITUTE OF ENGINEERING AND TECHNOLOGY",Dibrugarh,Assam
188,"DIT University",Dehradun,Uttarakhand
189,"DMI Engineering College",Kanyakumari,Tamil Nadu
190,"DON BOSCO COLLEGE OF ENGINEERING, FATORDA, MARGAO",South Goa,Goa
191,"Don Bosco Institute of Technology, BANGALORE",Bengaluru,Karnataka
192,"DR D Y PATIL EDUCATIONAL ACADEMYS DR D Y PATIL SCHOOL OF ENGINEERING ACADEMY, AMBI, TALEGAON, PUNE",Pune,Maharashtra
193,"Dr. Ambedkar Institute of Technology",Bengaluru,Karnataka,163
194,"Dr. B. R. Ambedkar Institute of Technology",South Andaman,Andaman and Nicobar Islands,198
195,"Dr. B. R. Ambedkar National Institute of Technology",Jalandhar,Punjab,113
196,"Dr. Babasaheb Ambedkar College of Engineering and Research",Nagpur,Maharashtra
197,"Dr. Babasaheb Ambedkar Technological University",Raigarh,Maharashtra
198,"Dr. D. Y. Patil Educational Academy`s Dr. D. Y. Patil Institute of Engineering and Technology",Pune,Maharashtra
199,"Dr. D. Y. Patil Educational Enterprises Charitable Trust`s Dr. D. Y. Patil Group of Institutions Dr. D. Y. Patil School of Engineering",Pune,Maharashtra
200,"Dr. D. Y. Patil Educational Enterprises Charitable Trust`s Dr. D. Y. Patil Group of Institutions Dr. D. Y. Patil School of Engineering and Technology",Pune,Maharashtra
201,"Dr. D. Y. Patil Pratishthan Kolhapur Padmashree Dr. D. Y. Patil Institute of Engineering, Management and Research",Pune,Maharashtra
202,"Dr. D. Y. Patil Vidya Pratishthan Society Dr. D. Y. Patil Institute of Engineering & Technology",Pune,Maharashtra
203,"Dr. K. V. Subba Reddy Institute of Technology",Kurnool,Andhra Pradesh
204,"Dr. Lankapalli Bullayya College of Engineering (For Women)",Visakhapatnam,Andhra Pradesh
205,"Dr. Mahalingam College of Engineering and Technology",Pollachi,Tamil Nadu,184
206,"Dr. N. G. P. Institute of Technology",Coimbatore,Tamil Nadu
207,"Dr. S. & S. S. Ghandhy Government Engineering College, Surat.",Surat,Gujarat
208,"DR. SUDHIR CHANDRA SUR DEGREE ENGINEERING COLLEGE",Kolkata,West Bengal
209,"DR. V. R. GODHANIA COLLEGE OFENGINEERING & TECHNOLOGY",Porbandar,Gujarat
210,"Dr. Vishwanath Karad MIT World Peace University",Pune,Maharashtra,154
211,"Dream Institute of Technology",Kolkata,West Bengal
212,"DRIEMS",CUTTACK,Odisha
213,"Dronacharya College of Engineering",Gurgaon,Haryana
214,"Dronacharya Group of Institutions",Greater Noida,Uttar Pradesh
215,"Durgapur Institute of Advanced Technology and Management 155",Barddhaman,West Bengal
216,"E. G. S. Pillay Engineering College",Nagapattinam,Tamil Nadu
217,"East West Institute of Technology",Bengaluru,Karnataka
218,"Easwari Engineering College",Chennai,Tamil Nadu,200
219,"Electronic Science Department",Kurukshetra,Haryana
220,"Er. Perumal Manimekalai College of Engineering",Krishnagiri,Tamil Nadu
221,"Erode Sengunthar Engineering College",Erode,Tamil Nadu
222,"Excel Engineering College",Namakkal,Tamil Nadu
223,"FACULTY OF ENGG., MARWADI EDU. FOUNDATION GROUP OF INSTITUTIONS, RAJKOT 057",Rajkot,Gujarat
224,"Feroze Gandhi Institute of Engg. & Technology",Rae bareli,Uttar Pradesh
225,"Finolex Academy of Management and Technology",Ratnagiri,Maharashtra
226,"Fr. C. Rodrigues Institute of Technology,Vashi",Navi Mumbai,Maharashtra
227,"Fr. Conceicao Rodrigues College of Engineering",Mumbai,Maharashtra
228,"FRANCIS XAVIER ENGINEERING COLLEGE",Tirunelveli,Tamil Nadu
229,"Future Institute of Engineering and Management",Kolkata,West Bengal
230,"G M Institute of Technology, DAVANGERE",Davanagere,Karnataka
231,"G. B. Pant Govt. Engineering College",Delhi,Delhi
232,"G. B. Pant Universtiy of Agriculture and Technology",Pantnagar,Uttarakhand,141
233,"G. D. Goenka University",Gurgaon,Haryana
234,"G. H. Patel College of Engg. & Tech.",Vallabh Vidyanagar,Gujarat
235,"G. H. Raisoni College of Engineering",Nagpur,Maharashtra,111
236,"G. H. Raisoni College of Engineering & Management",Pune,Maharashtra
237,"G. H. Raisoni Institute of Engineering & Management",Jalgaon,Maharashtra
238,"G. H. Raisoni Institute of Engineering & Technology",Pune,Maharashtra
239,"G. H. Raisoni Institute of Engineering & Technology",Nagpur,Maharashtra
240,"G. I. D. C. Degree Enginering College",Abrama,Gujarat
241,"G. K. M. College of Engineering and Technology",Chennai,Tamil Nadu
242,"G. L. A. University",Mathura,Uttar Pradesh
243,"G. L. Bajaj Institute of Technology and Management",Greater Noida,Uttar Pradesh
244,"G. M. R. Institute of Technology",Rajam,Andhra Pradesh
245,"G. Madegowda Institute of Technology",Mandya,Karnataka
246,"G. Narayanamma Institute of Technology & Science for Women",Hyderabad,Telangana
247,"G. Pulla Reddy Engineering College",Kurnool,Andhra Pradesh,177
248,"G. Pullaiah College of Engineering and Technology",Kurnool,Andhra Pradesh
249,"G. S. S. S. Institute of Engineering & Technology for Women",Mysore,Karnataka
250,"Galgotias College of Engineering & Technology",Greater Noida,Uttar Pradesh
251,"Galgotias University",Gautam Budh Nagar,Uttar Pradesh
252,"Gandhi Engieering College (GEC)",Bhubaneswar,Odisha
253,"Gandhi Institute for Education and Technology (GIET), Khurda, Bhubaneswar",Bhubaneswar,Odisha
254,"Gandhi Institute for Technological Advancement ",Bhubaneswar,Odisha
255,"Gandhi Institute for Technology (GIFT)",Bhubaneswar,Odisha
256,"Gandhi Institute of Engineering and Technology",Gunupur,Odisha
257,"Ganga Institute of Technology and Management",Jhajjar,Haryana
258,"Gates Institute of Technology",Gooty,Andhra Pradesh
259,"GATEWAY INSTITUTE OF ENGINEERING & TECHNOLOGY",Sonipat,Haryana
260,"Gandhiji Institute of Science and Technology",Vijayawada,Andhra Pradesh
261,"Gayatri Vidya Parishad College of Engineering",Visakhapatnam,Andhra Pradesh,199
262,"Gayatri Vidya Parishad College of Engineering for Women",Visakhapatnam,Andhra Pradesh
263,"Geetanjali Institute of Technical Studies",Udaipur,Rajasthan
264,"GEETHANJALI COLLEGE OF ENGINEERING AND TECHNOLOGY",Rangareddy,Telangana
265,"Geethanjali Institute of Science and Technology",Nellore,Andhra Pradeshy
267,"Girijananda Chowdhury Institute of Management & Technology",Kamrup,Assam
268,"Global Academy of Technology",Bengaluru,Karnataka
269,"Global Institute of Technology",Jaipur,Rajasthan
270,"Goa College of Engineering",Ponda,Goa
271,"Godavari Institute of Engineering & Technology",Rajahmundry,Andhra Pradesh
272,"Gogte Institute of Technology",Belgaum,Karnataka
273,"Gojan School of Business and Technology",Chennai,Tamil Nadu
274,"Goka Raju Ranga Raju Institute of Engineering & Technology",Hyderabad,Telangana,179
275,"Gokula Krishna College of Engineering",Sullurupeta,Andhra Pradesh
276,"Goutami Institute of Technology & Management for Women",Proddatur,Andhra Pradesh
277,"Government Engineering College",Haveri,Karnataka
278,"Government College of Engineering",Kannur,Kerala
279,"Government College of Engineering",Karad,Maharashtra
280,"Government College of Engineering",Salem,Tamil Nadu
281,"Government College of Engineering",Krishnagiri,Tamil Nadu
282,"Government College of Engineering (Academic Autonomous)",Aurangabad,Maharashtra
283,"Government College of Technology",Coimbatore,Tamil Nadu,90
284,"Government Engineering College",JABALPUR,Madhya Pradesh
285,"Government Engineering College",Gandhinagar,Gujarat
286,"Government Engineering College",Palanpur,Gujarat
287,"Government Engineering College",Rajkot,Gujarat
288,"Government Engineering College",Godhra,Gujarat
289,"Government Engineering College",Bharuch,Gujarat
290,"GOVERNMENT ENGINEERING COLLEGE SREEKRISHNAPURAM",Sreekrishnapuram,Kerala
291,"GOVERNMENT ENGINEERING COLLEGE, MODASA 016",Modasa,Gujarat
292,"GOVT. ENGG. COLLEGE, JAGDALPUR, BASTAR, CHHATTISGA",Jagdalpur,Chhattisgarh
293,"Govt. Engineering College",Trivandrum,Kerala
294,"GOVT. ENGINEERING COLLEGE, HASSAN",Hassan,Karnataka
295,"Govt. Engineering College, RAMANAGARA",RAMANAGARA,Karnataka
296,"Govt. Engineering College,Jhalawar",Jhalawar,Rajasthan
297,"Grandhi Varalakshmi Venkata Rao Institute of Technology",Bhimavaram,Andhra Pradesh
298,"Graphic Era University",Dehradun,Uttarakhand,104
299,"Greater Noida Institute of Technology (Engineering Institute)",Greater Noida,Uttar Pradesh
300,"Gudlavalleru Engineering College",Gudlavalleru,Andhra Pradesh
301,"Gujarat Technological University",Ahmedabad,Gujarat
302,"Gulzar Group of Institutions",Khanna,Punjab
303,"Guru Ghasidas Vishwavidyalaya",Bilaspur,Chhattisgarh
304,"Guru Gobind Singh Indraprastha University",New Delhi,Delhi,73
305,"Guru Jambheshwar University of Science and Technology",Hisar,Haryana
306,"GURU NANAK INSTITUTE OF TECHNOLOGY",Ibrahimpatnam,Telangana
307,"Guru Nanak Institutions Technical Campus",Ibrahimpatnam,Telangana
308,"Gurunanak Institute of Technology 143",North Twenty Four Parganas,West Bengal
309,"Gyan Ganga College of Technology",Jabalpur,Madhya Pradesh
310,"Gyan Ganga Institute of Technology Sciences",Jabalpur,Madhya Pradesh
311,"H. V. P. Mandal`s College of Engineering & Technology",AMRAVATI,Maharashtra
312,"Haji Jamaluddin Thim TrustTheem College of Engineering At Village Betegaon Boisar Chikhar Road (N.H.No.8) Near Union Park Boisar(E) Tal Palghar Dist. Thane 401 501",palghar,Maharashtra
313,"Haldia Institute of Technology",Haldia,West Bengal,174
314,"HARCOURT BUTLER TECHNICAL UNIVERSITY",Kanpur Nagar,Uttar Pradesh
315,"Heritage Institute of Technology",Kolkata,West Bengal,151
316,"Hi-Tech Institute of Technology",Aurangabad,Maharashtra
317,"Himachal Pradesh University",Shimla,Himachal Pradesh
318,"Hindustan Institute of Technology and Science ",Chennai,Tamil Nadu,95
319,"Hindusthan College of Engineering and Technology",Coimbatore,Tamil Nadu
320,"Hindusthan Institute of Technology",Coimbatore,Tamil Nadu
321,"HIRASUGAR INSTIUTE OF TECHNOLOGY",Belgaum,Karnataka
322,"HKE`s SLN College of Engineering",Raichur,Karnataka
323,"HMR Institute of Technology & Management",North West,Delhi
324,"Holy Mary Institute of Technology & Science",Rangareddy,Telangana
325,"I. E. S. College of Technology",Bhopal,Madhya Pradesh
326,"I. F. E. T. College of Engineering",Viluppuram,Tamil Nadu
327,"I. T. S. Engineering College",Greater Noida,Uttar Pradesh
328,"IIMT College of Engineering",Greater Noida,Uttar Pradesh
329,"IMS ENGINEERING COLLEGE",Ghaziabad,Uttar Pradesh
330,"Inderprastha Engineering College",Ghaziabad,Uttar Pradesh
331,"Indian Institute of Engineering Science and Technology",Shibpur,West Bengal,19
332,"Indian Institute of Food Processing Technology (IIFPT)",Thanjavur,Tamil Nadu
333,"Indian Institute of Information Technology Allahabad",Allahabad,Uttar Pradesh,82
334,"Indian Institute of Information Technology Guwahati",Guwahati,Assam
335,"Indian Institute of Information Technology, Design & Manufacturing",Chennai,Tamil Nadu,197
336,"Indian Institute of Space Science and Technology",Thiruvananthapuram,Kerala,30
337,"Indian Institute of Technology (Banaras Hindu University) Varanasi",Varanasi,Uttar Pradesh,11
338,"Indian Institute of Technology (Indian School of Mines) Dhanbad",Dhanbad,Jharkhand,15
339,"Indian Institute of Technology Bhubaneswar",Bhubaneswar,Odisha,17
340,"Indian Institute of Technology Bombay",Mumbai,Maharashtra,3
341,"Indian Institute of Technology Delhi",New Delhi,Delhi,2
342,"Indian Institute of Technology Gandhinagar",Gandhinagar,Gujarat,24
343,"Indian Institute of Technology Guwahati",Guwahati,Assam,7
344,"Indian Institute of Technology Hyderabad",Hyderabad,Telangana,8
345,"Indian Institute of Technology Indore",Indore,Madhya Pradesh,13
346,"Indian Institute of Technology Jodhpur",Jodhpur,Rajasthan,50
347,"Indian Institute of Technology Kanpur",Kanpur,Uttar Pradesh,5
348,"Indian Institute of Technology Kharagpur",Kharagpur,West Bengal,4
349,"Indian Institute of Technology Madras",Chennai,Tamil Nadu,1
350,"Indian Institute of Technology Mandi",Mandi,Himachal Pradesh,20
351,"Indian Institute of Technology Patna",Patna,Bihar,22
352,"Indian Institute of Technology Roorkee",Roorkee,Uttarakhand,6
353,"Indian Institute of Technology Ropar",Rupnagar,Punjab,29
354,"Indira Gandhi Delhi Technical University for Women",Delhi,Delhi,162
355,"Indraprastha Institute of Information Technology",New Delhi,Delhi,55
356,"INDUS UNIVERSITY",Gandhinagar,Gujarat
357,"Institute of Aeronautical Engineering",Hyderabad,Telangana,140
358,"Institute of Chemical Technology",Mumbai,Maharashtra,12
359,"Institute of Engineering & Management",Kolkata,West Bengal,101
360,"Institute of Food and Dairy Technology",Chennai,Tamil Nadu
361,"Institute of Road and Transport Technology",Erode,Tamil Nadu
362,"International Institute of Information Technology (I?It)",Pune,Maharashtra
363,"International Institute of Information Technology Bangalore",Bengaluru,Karnataka,65
364,"International Institute of Information Technology Hyderabad",Hyderabad,Telangana,39
365,"IPS ACADEMY, INSTITUTE OF ENGINEERING & SCIENCE, INDORE (MP)",Indore,Madhya Pradesh
366,"ITM University",Gwalior,Madhya Pradesh
367,"J. D. College of Engineering",Nagpur,Maharashtra
368,"J. K. Lakshmipat University",Jaipur,Rajasthan
369,"J. N. N. College of Engineering",Shimoga,Karnataka
370,"J. N. N. Institute of Engineering",Thiruvallur,Tamil Nadu
371,"J.J. College of Engineering and Technology",Tiruchirappalli,Tamil Nadu
372,"Jadavpur University",Kolkata,West Bengal,14
373,"Jai Narain College of Technology",Bhopal,Madhya Pradesh
374,"Jain university",Bengaluru,Karnataka,115
375,"Jaipur Engineering College & Research Center,jaipur",Jaipur,Rajasthan
376,"Jamia Hamdard",New Delhi,Delhi
377,"Jamia Millia Islamia",New Delhi,Delhi,27
378,"Jawaharlal Darda Institute of Engineering & Technology",Yavatmal,Maharashtra
379,"Jawaharlal Nehru Technological University",Anantapur,Andhra Pradesh
380,"Jawaharlal Nehru Technological University",Hyderabad,Telangana,45
381,"Jaya Institute of Technology",Thiruvallur,Tamil Nadu
382,"Jaypee Institute of Information Technology",Noida,Uttar Pradesh,80
383,"Jaypee University of Engeenering & Technology",Guna,Madhya Pradesh
384,"Jaypee University of Information Technology",Solan,Himachal Pradesh,121
385,"JB Institute of Engineering & Technology",Rangareddy,Telangana
386,"JCT College of Engineering and Technology",Coimbatore,Tamil Nadu
387,"JECRC University",Jaipur,Rajasthan
388,"JEPPIAAR INSTITUTE OF TECHNOLOGY",Kunnam,Tamil Nadu
389,"Jerusalem College of Engineering",Chennai,Tamil Nadu
390,"Jhulelal Institute of Technology, Lonara",Nagpur,Maharashtra
391,"JIS COLLEGE OF ENGINEERING",Kalyani,West Bengal
392,"JNTUA College of Engineering",Anantapur,Andhra Pradesh,185
393,"JNTUA College of Engineering",Pulivendula,Andhra Pradesh
394,"JNTUA College of Engineering, Kalikiri",Chittoor,Andhra Pradesh
395,"JSS ACADEMY OF TECHNICAL EDUCATION",Bengaluru,Karnataka
396,"JSS ACADEMY OF TECHNICAL EDUCATION, NOIDA",Gautam Budh Nagar,Uttar Pradesh
397,"Jyothi Engineering College",Thrissur,Kerala
398,"JYOTHY INSTITUTE OF TECHNOLOGY",Bengaluru,Karnataka
399,"K. C. G. College of Technology",Chennai,Tamil Nadu
400,"K. G. Reddy College of Engineering & Technology",Rangareddy,Telangana
401,"K. J. S. Educational Institute`s Trinity College of Engineering and Research",Pune,Maharashtra
402,"K. J. Somaiya College of Engineering",Mumbai,Maharashtra,182
403,"K. J. Somaiya Institute of Engineering & Information Technology",Mumbai,Maharashtra
404,"K. K. R. & K. S. R. Institute of Technology & Sciences",Guntur,Andhra Pradesh
405,"K. K. Wagh Institute of Engineering Education & Research",Nashik,Maharashtra
406,"K. L. N. College of Engineering",Sivaganga,Tamil Nadu
407,"K. L. N. College of Information Technology",Madurai,Tamil Nadu
408,"K. Ramakrishnan College of Engineering",Samayapuram,Tamil Nadu
409,"K. Ramakrishnan College of Technology (New)",Tiruchirappalli,Tamil Nadu
410,"K. S. R. College of Engineering",Tiruchengode,Tamil Nadu
411,"K. S. R. M. College of Engineering",Kadapa,Andhra Pradesh
412,"K. S. Rangasamy College of Technology",Tiruchengode,Tamil Nadu
413,"K. S. School of Engineering and Management",Bengaluru,Karnataka
414,"K.J's Educational Institutes K.J.College of Engineering and Management Research Village Pisoli, Pune 48",PUNE,Maharashtra
415,"Kakatiya Institute of Technology & Science",Warangal,Telangana,181
416,"Kalaignar Karunanidhi Institute of Technology",Coimbatore,Tamil Nadu
417,"Kalasalingam Academy of Research and Higher Education",Srivilliputtur,Tamil Nadu,61
418,"Kalasalingam Institute of Technology",Srivilliputtur,Tamil Nadu
419,"Kalinga Institute of Industrial Technology",Bhubaneswar,Odisha,48
420,"Kallam Haranadhareddy Institute of Technology",Guntur,Andhra Pradesh
421,"Kalyani Charitable Trust`s Late G. N. Sapkal College of Engineering",Nashik,Maharashtra
422,"Kamala Institute of Technology & Science",Karimnagar,Telangana
423,"KAMARAJ COLLEGE OF ENGINEERING & TECHNOLOGY",Madurai,Tamil Nadu
424,"KANDULA LAKSHUMMA MEMORIAL COLLEGE OF ENGINEERING FOR WOMEN",Kadapa,Andhra Pradesh
425,"Karmaveer Bhaurao Patil College of Engineering",Satara,Maharashtra
426,"Karpagam Academy of Higher Education",Coimbatore,Tamil Nadu
427,"KARPAGAM COLLEGE OF ENGINEERING",Coimbatore,Tamil Nadu
428,"Karunya Institute of Technology and Sciences",Coimbatore,Tamil Nadu,72
429,"Kasegaon Education Society`s Rajarambapu Institute of Technology",Islampur,Maharashtra
430,"Kathir College of Engineering",Coimbatore,Tamil Nadu
431,"Kavikulguru Institute of Technology and Science",Ramtek,Maharashtra
432,"Keshav Memorial Institute of Technology",Hyderabad,Telangana
433,"KGISL INSTITUTE OF TECHNOLOGY",Coimbatore,Tamil Nadu
434,"KIET Group of Institutions",Ghaziabad,Uttar Pradesh
435,"Kings College of Engineering",Pudukkottai,Tamil Nadu
436,"KINGS ENGINEERING COLLEGE",Sriperumbudur,Tamil Nadu
437,"KLE Society`s College of Engineering & Technology",Belgaum,Karnataka
438,"KLE Technological University",Dharwad,Karnataka,159
439,"KLS Vishwanathrao Deshpande Institute of Technology, Haliyal",Haliyal,Karnataka
440,"KMM Institute of Technology & Science, Tirupathi",Chittoor,Andhra Pradesh
441,"Knowledge Institute of Technology",Salem,Tamil Nadu
442,"Knowledge Institute of Technology and Engineering",Anand,Gujarat
443,"Kolhapur Institute of Technology`s College of Engineering (Autonomous)",Kolhapur,Maharashtra
444,"Koneru Lakshmaiah Education Foundation University (K L College of Engineering)",Vaddeswaram,Andhra Pradesh,52
445,"Kongu Engineering College",Perundurai,Tamil Nadu,99
446,"Kongunadu College of Engineering and Technology",Tiruchirappalli,Tamil Nadu
447,"KPR Institute of Engineering and Technology",Coimbatore,Tamil Nadu
448,"Krishnaswamy College of Engineering",Cuddalore,Tamil Nadu
449,"KSR Institute for Engineering and Technology",Namakkal,Tamil Nadu
450,"Kumaraguru College of Technology",Coimbatore,Tamil Nadu,77
451,"Kuppam Engineering College",Kuppam,Andhra Pradesh
452,"Kurukshetra Institute of Technology & Management",Kurukshetra,Haryana
453,"Kurukshetra University",Kurukshetra,Haryana
454,"LAKIREDDY BALI REDDY COLLEGE OF ENGINEERING",Mylavaram,Andhra Pradesh
455,"Lakshmi Narain College of Technology",Bhopal,Madhya Pradesh
456,"Lakshmi Narain College of Technology & Science",Bhopal,Madhya Pradesh
457,"Laxmi Institute of Technology, Valsad 086",Valsad,Gujarat
458,"Laxminarayan Institute of Technology",Nagpur,Maharashtra
459,"Lendi Institute of Engineering & Technology",Vizianagaram,Andhra Pradesh
460,"Lingaya`s Vidyapeeth",Faridabad,Haryana
461,"Lingayas Institute of Management and Technology",Vijayawada,Andhra Pradesh
462,"Lovely Professional University",Phagwara,Punjab,125
463,"Loyola Institute of Technology",Chennai,Tamil Nadu
464,"Loyola Institute of Technology and Science",Nagercoil,Tamil Nadu
465,"Loyola-ICAM College of Engineering and Technology",Chennai,Tamil Nadu
466,"Lukhdhirji Engineering College",Morbi,Gujarat
467,"M. A. M. College of Engineering and Technology",Tiruchirappalli,Tamil Nadu
468,"M. B. E. Society`s College of Engineering",Ambajogai,Maharashtra
469,"M. G. R. Educational and Research Institute",Chennai,Tamil Nadu,196
470,"M. I. E. T. Engineering College",Tiruchirappalli,Tamil Nadu
471,"M. M. College of Technology",Raipur,Chhattisgarh
472,"M. S. Ramaiah Institute of Technology",Bengaluru,Karnataka,64
473,"M. S. Ramaiah University of Applied Sciences",Bengaluru,Karnataka
474,"M. V. J. College of Engineering",Bengaluru,Karnataka
475,"M.Kumarasamy College of Engineering",Karur,Tamil Nadu
476,"M.R.K. Institute of Technology",Cuddalore,Tamil Nadu
477,"Maamallan Institute of Technology",Sriperumpudur,Tamil Nadu
478,"Madan Mohan Malaviya University of Technology",Gorakhpur,Uttar Pradesh
479,"Madanapalle Institute of Technology & Science",Chittoor,Andhra Pradesh
480,"Madhav Institute of Technology and Science",Gwalior,Madhya Pradesh
481,"Maharaj Vijayaram Gajapathi Raj College of Engineering",Vizianagaram,Andhra Pradesh
482,"MAHARAJA AGRASEN INSTITUTE OF TECHNOLOGY",Delhi,Delhi
483,"Maharaja Institute of Tech. Mysore",Mysuru,Karnataka
484,"Maharaja Sayajirao University of Baroda",Vadodara,Gujarat,137
485,"Maharaja Surajmal Institute of Technology",New Delhi,Delhi
486,"Maharashtra Institute of Technology",Aurangabad,Maharashtra
487,"Maharishi Markandeshwar",Ambala,Haryana
488,"Maharshi Dayanand University, Rohtak",Rohtak,Haryana
489,"Maharshi Karve Stree Shikshan Samstha`s Cummins College of Engineering for Women",Pune,Maharashtra,188
490,"Mahatma Gandhi Institute of Technology",Hyderabad,Telangana
491,"Mahatma Gandhi Mission`s College of Engineering and Technology",Raigarh,Maharashtra
492,"Mahatma Gandhi Mission`s Jawaharlal Nehru Engineering College",Aurangabad,Maharashtra
493,"Mahendra College of Engineering",Salem,Tamil Nadu
494,"Mahendra Engineering College",Namakkal,Tamil Nadu
495,"Mahendra Institute of Technology",Namakkal,Tamil Nadu
496,"Mailam Engineering College",Viluppuram,Tamil Nadu
497,"Malineni Lakshmaiah Engineering College",Ongole,Andhra Pradesh
498,"Malla Reddy College of Engineering",Hyderabad,Telangana
499,"Malla Reddy College of Engineering and Technology",Secunderabad,Telangana
500,"Malla Reddy Engineering College",Hyderabad,Telangana
501,"Malla Reddy Engineering College for Women",Hyderabad,Telangana
502,"Malla Reddy Institute of Engineering and Technology",Rangareddy,Telangana
503,"Malla Reddy Institute of Technology & Science",Secunderabad,Telangana
504,"Malnad College of Engineering, HASSAN",Hassan,Karnataka
505,"Malviya National Institute of Technology",Jaipur,Rajasthan,53
506,"Manakulavinayagar Institute of Technology",Puducherry,Pondicherry
507,"Manav Rachna International Institute of Research & Studies",Faridabad,Haryana,164
508,"Mangalore Institute of Technology & Engineering",Mangaluru,Karnataka
509,"Manipal Institute of Technology",Manipal,Karnataka,43
510,"Manipur Institute of Technology",Imphal West,Manipur
511,"Mar Baselios Christian College of Engineering & Technology",Peermade,Kerala
512,"Mar Baselios College of Engineering and Technology",Thiruvananthapuram,Kerala
513,"Mar Baselios Institute of Technology and Science",Kothamangalam,Kerala
514,"Marathwada Institute of Technology",Aurangabad,Maharashtra
515,"Marian Engineering College",Thiruvananthapuram,Kerala
516,"Marri Educational Society`s Marri Laxman Reddy Institute of Technology and Management",Hyderabad,Telangana
517,"Matrusri Enginering College",Hyderabad,Telangana
518,"MATSYODARI SHIKSHAN SANSTHA'S COLLEGE OF ENGINEERING AND TECHNOLOGY, JALNA",Jalna,Maharashtra
519,"Maulana Abul Kalam Azad University of Technology",Nadia,West Bengal,165
520,"Maulana Azad National Institute of Technology",Bhopal,Madhya Pradesh,62
521,"MCKV Institute of Engineering 116",HOWRAH,West Bengal
522,"Medi-Caps University",Indore,Madhya Pradesh
523,"Meenakshi College of Engineering",Chennai,Tamil Nadu
524,"Meenakshi Sundararajan Engineering College",Chennai,Tamil Nadu
525,"Meerut Institute of Engineering & Technology",Meerut,Uttar Pradesh
526,"Meerut Institute of Technology",Meerut,Uttar Pradesh
527,"Meghnad Saha Institute of Technology",Kolkata,West Bengal
528,"Mepco Schlenk Engineering College",Sivakasi,Tamil Nadu,88
529,"Methodist College of Engineering & Technology",Hyderabad,Telangana
530,"MIT Academy of Engineering",Pune,Maharashtra
531,"MKSSS`s Cummins College of Engineering for Women",Nagpur,Maharashtra
532,"MLR Institute of Technology",Hyderabad,Telangana
533,"Model Institute of Engineering and Technology",Jammu,Jammu and Kashmir
534,"Mohamed Sathak Engineering College",Ramanathapuram,Tamil Nadu
535,"Moradabad Institute of Technology",Moradabad,Uttar Pradesh
536,"Mother Theresa Institute of Engineering and Technology",Palamaner,Andhra Pradesh
537,"Motilal Nehru National Institute of Technology",Allahabad,Uttar Pradesh,42
538,"MRR Institute of Technology & Science",Udayagiri,Andhra Pradesh
539,"Muffakham Jah College of Engineering and Technology",Hyderabad,Telangana
540,"Muthayammal Engineering College",Rasipuram,Tamil Nadu
541,"MUTHOOT INSTITUTE OF TECHNOLOGY AND SCIENCE",Puthencruz,Kerala
542,"MVSR Engineering College",Rangareddy,Telangana
543,"N. B. K. R. Institute of Science & Technology",Vidyanagar,Andhra Pradesh
544,"N. B. Navale Sinhgad College of Engineering",Kegaon,Maharashtra
545,"N. D. M. V. P. Samaj`s Nashik Engineering College",Nashik,Maharashtra
546,"N. M. A. M. Institute of Technology",Nitte,Karnataka,129
547,"Nadar Saraswathi College of Engineering & Technology",Theni,Tamil Nadu
548,"Nadimpalli Satyanarayana Raju Institute of Technology",Visakhapatnam,Andhra Pradesh
549,"Nagarjuna College of Engg. & Technology",Bengaluru,Karnataka
550,"Nagesh Karajagi Orchid College of Engineering and Technology, Solapur.",Solapur,Maharashtra
551,"Nalla Malla Reddy Engineering College",Rangareddy,Telangana
552,"Nalla Narasimha Reddy Education Society`s Group of Institutions",Hyderabad,Telangana
553,"Nanasaheb Mahadik College of Engineering, Pune - Banglore High way (NH4) Tal. Walwa",Sangli,Maharashtra
554,"Nandha Engineering College",Erode,Tamil Nadu
555,"Narasaraopeta Engineering College",Narasaraopet,Andhra Pradesh
556,"Narasaraopeta Institute of Technology",Narasaraopet,Andhra Pradesh
557,"NARSIMHAREDDY ENGINEERING COLLEGE",Secunderabad,Telangana
558,"Narula Institute of Technology",Kolkata,West Bengal,160
559,"National College of Engineering",Tirunelveli,Tamil Nadu
560,"National Engineering College",Kovilpatti,Tamil Nadu,166
561,"National Fire Service College",Nagpur,Maharashtra
562,"National Institute of Food Technology, Enterprenurship & Management",Sonipat,Haryana,119
563,"National Institute of Industrial Engineering",Mumbai,Maharashtra,66
564,"National Institute of Science & Technology",Berhampur,Odisha
565,"National Institute of Technology Agartala",Agartala,Tripura,70
566,"National Institute of Technology Arunachal Pradesh",Arunachal Pradesh,Arunachal Pradesh
567,"National Institute of Technology Calicut",Kozhikode,Kerala,28
568,"National Institute of Technology Delhi",Delhi,Delhi
569,"National Institute of Technology Durgapur",Durgapur,West Bengal,46
570,"National Institute of Technology Goa",Ponda,Goa,87
571,"National Institute of Technology Hamirpur",Hamirpur,Himachal Pradesh,60
572,"National Institute of Technology Jamshedpur",Jamshedpur,Jharkhand,130
573,"National Institute of Technology Karnataka",Surathkal,Karnataka,21
574,"National Institute of Technology Kurukshetra",Kurukshetra,Haryana,41
575,"National Institute of Technology Manipur",Imphal,Manipur
576,"National Institute of Technology Meghalaya",Shillong,Meghalaya,67
577,"National Institute of Technology Mizoram",Aizawl,Mizoram
578,"National Institute of Technology Nagaland",Dimapur,Nagaland
579,"National Institute of Technology Patna",Patna,Bihar,135
580,"National Institute of Technology Puducherry",Karaikal,Pondicherry
581,"National Institute of Technology Raipur",Raipur,Chhattisgarh,74
582,"National Institute of Technology Rourkela",Rourkela,Odisha,16
583,"National Institute of Technology Sikkim",South Sikkim,Sikkim
584,"National Institute of Technology Silchar",Silchar,Assam,51
585,"National Institute of Technology Srinagar",Srinagar,Jammu and Kashmir
586,"National Institute of Technology Tiruchirappalli",Tiruchirappalli,Tamil Nadu,10
587,"National Institute of Technology Uttarakhand",Srinagar (Garhwal),Uttarakhand
588,"National Institute of Technology Warangal",Warangal,Telangana,26
589,"Nelliandavar Institute of Technology",Pudhupalayam,Tamil Nadu
590,"Netaji Subhash Engineering College",Kolkata,West Bengal
591,"New Horizon College of Engineering",Bengaluru,Karnataka,106
592,"New Prince Shri Bhavani College of Engineering and Technology",Chennai,Tamil Nadu
593,"Nirma University",Ahmedabad,Gujarat,136
594,"NITTE Meenakshi Institute of Technology",Bengaluru,Karnataka,142
595,"Noida Institute of Engineering & Technology",Greater Noida,Uttar Pradesh
596,"Noorul Islam Centre for Higher Education -Kanyakumari",Kanyakumari,Tamil Nadu
597,"North Eastern Regional Institute of Science & Technology",Itanagar,Arunachal Pradesh,173
598,"Nova College of Engineering & Technology",Jangareddygudem,Andhra Pradesh
599,"NRI Institute of Technology, Pothavarappadu (V), Agiripalli (M), Vijayawada Rural, PIN-821212(CC-KN)",VIJAYAWADA,Andhra Pradesh
600,"NSS College of Engineering",Palakkad,Kerala
601,"Om Institute of Technology & Management",Hisar,Haryana
602,"P D A College of Engineering",Gulbarga,Karnataka
603,"P E S College of Engineering",Mandya,Karnataka,161
604,"P. A. College of Engineering and Technology",Pollachi,Tamil Nadu
605,"P. S. R. Engineering College",Virudhunagar,Tamil Nadu
606,"P. S. R. Rengasamy College of Engineering for Women",Sivakasi,Tamil Nadu
607,"P.V.G.s College of Engineering and Technology, Pune 9.",PUNE,Maharashtra
608,"Paavai Engineering College",Namakkal,Tamil Nadu
609,"Pace Institute of Technology and Sciences",Ongole,Andhra Pradesh
610,"Padmasri Dr. B.V. Raju Institute of Technology",Medak,Telangana,168
611,"Padre Conceicao College of Engineering",Verna,Goa
612,"Paladugu Parvathi Devi College of Engineering and Technology",Vijayawada,Andhra Pradesh
613,"Pandit Dwarka Prasad Mishra Indian Institute of Information Technology, Design and Manufacturing (IIITDM) Jabalpur",Jabalpur,Madhya Pradesh,75
614,"Pandiyan Saraswathi Yadav Engineering College, Arasanoor, Sivagangai",Sivaganga,Tamil Nadu
615,"Panimalar Engineering College",Thiruvallur,Tamil Nadu
616,"Panimalar Institute of Technology",Thiruvallur,Tamil Nadu
617,"Panjab University",Chandigarh,Chandigarh,54
618,"PARK COLLEGE OF ENGINEERING AND TECHNOLOGY",Coimbatore,Tamil Nadu
619,"PARUL UNIVERSITY",VADODARA,Gujarat
620,"Parvathareddy Babulreddy Visvodaya Institute of Technology and Science",Kavali,Andhra Pradesh
621,"Pavai College of Technology",Namakkal,Tamil Nadu
622,"PEC University of Technology",Chandigarh,Chandigarh,78
623,"PEOPLES EMPOWERMENT GROUPS ISB&M SCHOOL OF TECHNOLOGY, NANDE VILLAGE, MULSHI",Pune,Maharashtra
624,"Peri Institute of Technology",Kancheepuram,Tamil Nadu
625,"Periyar Manaimmai Institute of Science & Technology",Vallam Thanjavur,Tamil Nadu
626,"Perunthalaivar Kamarajar Institute of Engineering and Technology",Karaikal,Pondicherry
627,"PES University",Bengaluru,Karnataka,149
628,"Pimpri Chinchwad College of Engineering",Pune,Maharashtra,192
629,"Pondicherry Engineering College",Puducherry,Pondicherry,76
630,"Ponjesly College of Engineering",Nagercoil,Tamil Nadu
631,"Pragati Engineering College",Surampalem,Andhra Pradesh
632,"Prakasam Engineering College",Prakasam,Andhra Pradesh
633,"Pranveer Singh Institute of Technology",Kanpur,Uttar Pradesh
634,"Prasad V. Potluri Siddhartha Institue of Technology",Vijayawada,Andhra Pradesh
635,"Prathyusha Engineering College",Thiruvallur,Tamil Nadu
636,"Pravara Gramin Education Society`s Sir Vishweshwarayya College of Engineering",Nashik,Maharashtra
637,"PRESIDENCY UNIVERSITY , BENGALURU",Bengaluru,Karnataka
638,"Priyadarshini Bhagwati College of Engineering",Nagpur,Maharashtra
639,"Priyadarshini College of Engineering & Technology",Nellore,Andhra Pradesh
640,"Priyadarshini Engineering College",Nagpur,Maharashtra
641,"Priyadarshini Engineering College",Vaniyambadi,Tamil Nadu
642,"PRIYADARSHINI INSTITUTE OF ENGINEERING AND TECHNOLOGY,NAGPUR.",Nagpur,Maharashtra
643,"Prof. Ram Meghe Institute of Technology & Research",Badnera Amravati,Maharashtra
644,"Progressive Educational Society`s Modern College of Engineering",Pune,Maharashtra
645,"PSG College of Technology",Coimbatore,Tamil Nadu,44
646,"PSN Institute of Technology & Science",Tirunelveli,Tamil Nadu
647,"PSNA College of Engineering and Technology",Dindigul,Tamil Nadu,150
648,"Pune Institute of Computer Technology, Dhankawadi, Pune 411043",Pune,Maharashtra
649,"Punjab Technical University",Kapurthala,Punjab,96
650,"QIS College of Engineering & Technology",Ongole,Andhra Pradesh
651,"R. K. University",Rajkot,Gujarat
652,"R. M. D. Engineering College",Thiruvallur,Tamil Nadu
653,"R. M. K. College of Engineering and Technology",Thiruvallur,Tamil Nadu
654,"R. M. K. Engineering College",Thiruvallur,Tamil Nadu,158
655,"R. N. S. Institute of Technology",Bengaluru,Karnataka
656,"R. R. Institute of Technology",Bengaluru,Karnataka
657,"R. V. College of Engineering",Bengaluru,Karnataka,63
658,"R. V. R. & J. C. College of Engineering",Guntur,Andhra Pradesh
659,"Rabindranath Tagore University",Raisen,Madhya Pradesh
660,"Raghu Engineering College",Visakhapatnam,Andhra Pradesh
661,"Raghu Institute Of Technology",VISAKHAPATNAM,Andhra Pradesh
662,"RAJADHANI INSTITUTE OF ENGINEERING AND TECHNOLOGY",Attingal,Kerala
663,"Rajagiri School of Engineering and Technology",Ernakulam,Kerala
664,"Rajalakshmi Engineering College",Chennai,Tamil Nadu,139
665,"Rajarajeswari College of Engineering",Bengaluru,Karnataka
666,"Rajeev Gandhi Memorial College of Engineering & Technology",Nandyal,Andhra Pradesh
667,"Rajendra Mane College of Engineering & Technology",Devrukh,Maharashtra
668,"Rajiv Gandhi College of Engineering and Research",Nagpur,Maharashtra
669,"Rajiv Gandhi College of Engineering, Research and Technology",Chandrapur,Maharashtra
670,"Rajiv Gandhi University",Itanagar,Arunachal Pradesh
671,"Rajiv Gandhi University of Knowledge Technologies",Nuzvid,Andhra Pradesh
672,"Rajiv Gandhi University of Knowledge Technologies",vempalli,Andhra Pradesh
673,"Ramachandra College of Engineering",Eluru,Andhra Pradesh
674,"Ramco Institute of Technology",Virudhunagar,Tamil Nadu
675,"Rami Reddy Subbarami Reddy Engineering College",Sri Potti Sriramulu Nellore,Andhra Pradesh
676,"Ramrao Adik Institute of Technology",Navi Mumbai,Maharashtra,172
677,"Rathinam Technical Campus",Coimbatore,Tamil Nadu
678,"Ravindra College of Engineering for Women",Kurnool,Andhra Pradesh
679,"RCC Institute of Information Technology",Kolkata,West Bengal
680,"Reva University",Bengaluru,Karnataka
681,"Rewa Engineering College",Rewa,Madhya Pradesh
682,"RNB Global University",Bikaner,Rajasthan
683,"Roever Engineering College",Perambalur,Tamil Nadu
684,"ROHINI COLLEGE OF ENGINEERING AND TECHNOLOGY",Kanyakumari,Tamil Nadu
685,"Roorkee College of Engineering",Roorkee,Uttarakhand
686,"Roorkee Institute of Technology",Roorkee,Uttarakhand
687,"RTC Institute of Technology",Ranchi,Jharkhand
688,"Rungta College of Engineering & Technology",Bhilai,Chhattisgarh
689,"Rustamji Institute of Technology",Tekanpur,Madhya Pradesh
690,"RVS Educational Trust`s Group of Institutions",Coimbatore,Tamil Nadu
691,"S. A. Engineering College",Thiruvallur,Tamil Nadu
692,"S. B. Jain Institute of Technology Management and Research",Nagpur,Maharashtra
693,"S. B. Patil College of Engineering",Indapur,Maharashtra
694,"S. D. M. College of Engineering & Technology",Dharwad,Karnataka
695,"S. J. C. Institute of Technology",Chickballapur,Karnataka
696,"S. R. Engineering College",Warangal,Telangana
697,"S. V. R. Engineering College",Nandyal,Andhra Pradesh
698,"S. V. S. College of Engineering",Coimbatore,Tamil Nadu
699,"Sagar Institute of Research & Technology, Opp. Sagar Estates, Ayodhya Nagar, By Pass Road, Bhopal-462041",Bhopal,Madhya Pradesh
700,"Sagar Institute of Science Technology & Research (SISTEC-R)",Bhopal,Madhya Pradesh
701,"Sagi Ramakrishnam Raju Engineering College",Bhimavaram,Andhra Pradesh,189
702,"Sahrdaya College of Engineering & Technology",Kodakara,Kerala
703,"Sahyadri College of Engineering and Management",Mangaluru,Karnataka
704,"Sai Samajik Santha Sanchalit College of Engineering",Aurangabad,Maharashtra
705,"Sai Tirumala Nalabothu Venkata Rao Engineering College",Guntur,Andhra Pradesh
706,"Saintgits College of Engineering",Kottayam,Kerala
707,"SAL INSTITUTE OF TECHNOLOGY & ENGINEERING RESEARCH",Ahmedabad,Gujarat
708,"Samrat Ashok Technological Institute,Civil Lines, Netaji Subhash Marg, Vidisha",Vidisha,Madhya Pradesh
709,"Samskruti College of Engineering & Technology",Rangareddy,Telangana
710,"Sandip Foundation`s Sandip Institute of Engineering and Management",Nashik,Maharashtra
711,"Sanjivani Rural Education Society`s College of Engineering",Kopargaon,Maharashtra
712,"Sanketika Institute of Technology and Management",Visakhapatnam,Andhra Pradesh
713,"Sanketika Vidya Parishad Engineering College",Visakhapatnam,Andhra Pradesh
714,"Sant Longowal Institute of Engineering & Technology",Longowal,Punjab,133
715,"Santhiram Engineering College",Nandyal,Andhra Pradesh
716,"SARANATHAN COLLEGE OF ENGINEERING",Tiruchirapalli,Tamil Nadu
717,"Sardar Patel College of Engineering",Mumbai,Maharashtra,180
718,"Sardar Vallabhbhai National Institute of Technology",Surat,Gujarat,58
719,"Sarvajanik College of Engineering & Technology",Surat,Gujarat
720,"Sasi Institute of Technology & Engineering",Tadepalligudem,Andhra Pradesh
721,"Sasurie College of Engineering",Tiruppur,Tamil Nadu
722,"Sathyabama Institute of Science and Technology",Chennai,Tamil Nadu,47
723,"Satya Institute of Technology and Managemnet",Vizianagaram,Andhra Pradesh
724,"Saveetha Engineering College",Sriperumbudur,Tamil Nadu,124
725,"Saveetha Institute of Medical and Technical Sciences",Chennai,Tamil Nadu,187
726,"SCAD Institute of Technology",Tiruppur,Tamil Nadu
727,"SCHOLAR'S INSTITUTE OF TECHNOLOGY & MANAGEMENT",Guwahati,Assam
728,"SCHOOL OF ENGINEERING AND TECHNOLOGY",Jhajjar,Haryana
729,"School of Engineering, Cochin University of Science and Technology",Cochin,Kerala,116
730,"SCMS School of Engineering & Technology",Cochin,Kerala
731,"Scope College of Engineering",Bhopal,Madhya Pradesh
732,"Sengunthar College of Engineering",Tiruchengode,Tamil Nadu
733,"Sengunthar Engineering College",Tiruchengode,Tamil Nadu
734,"SES's R. C. Patel Institute of Technology",Shirpur,Maharashtra
735,"Seshachala Institute of Technology",Puttur,Andhra Pradesh
736,"Seth Jai Parkash Mukand Lal Inst. of Engineering & Technology",Yamunanagar,Haryana
737,"Sethu Institute of Technology",Virudhunagar,Tamil Nadu
738,"SF`s Sandip Institute of Technology and Research Centre",Nashik,Maharashtra
739,"Shaheed Bhagat Singh State Technical Campus",Ferozepur,Punjab
740,"Shanmugha Arts Science Technology & Research Academy",Thanjavur,Tamil Nadu,38
741,"Shantilal Shah Engineering College",Bhavnagar,Gujarat
742,"Sharda University",Greater Noida,Uttar Pradesh
743,"Shree Chanakya Education Society`s Indira College of Engineering & Management",Pune,Maharashtra
744,"Shree Rama Educational Society Group of Institutions",Tirupati,Andhra Pradesh
745,"Shree Venkateshwara Hi-Tech Engineering College",Erode,Tamil Nadu
746,"Shri Balasaheb Mane Shikshan Prasarak Mandal Ambap`s Ashokrao Mane Group of Institutions",Kolhapur,Maharashtra
747,"Shri G. S. Institute of Technology & Science",Indore,Madhya Pradesh
748,"Shri Guru Gobind Singhji Institute of Engineering and Technology",Nanded,Maharashtra
749,"Shri Labhubhai Trivedi Institute of Engineering and Technology",Rajkot,Gujarat
750,"SHRI MADHWA VADIRAJA INSTITUTE OF TECHNOLOGY AND MANAGEMENT",Udupi,Karnataka
751,"Shri Mata Vaishno Devi University",Katra,Jammu and Kashmir,85
752,"Shri Neminath Jain Brahmacharyashramas College of Engineering",Nashik,Maharashtra
753,"Shri Ram Murti Smarak College of Engineering & Technology",Bareilly,Uttar Pradesh
754,"Shri Ramdeobaba College of Engineering and Management",Nagpur,Maharashtra,112
755,"Shri Ramswaroop Memorial University",Lucknow,Uttar Pradesh
756,"SHRI SHANKARACHARYA ENGINEERING COLLEGE",Bhilai,Chhattisgarh
757,"Shri Shankaracharya Group of Institutions",Bhilai,Chhattisgarh
758,"Shri Shankaracharya Institute of Professional Management & Technology",Raipur,Chhattisgarh
759,"Shri Shankaracharya Institute of Technology & Management",Durg,Chhattisgarh
760,"Shri Shirdi Sai Institute of Science and Engineering",Anantapur,Andhra Pradesh
761,"SHRI SHIVAJI VIDYA PRASARAK SANSTHA'S LATE BAPUSAHEB SHIVAJIRAO DEORE COLLEGE OF ENGINEERING, DHULE",Dhule,Maharashtra
762,"Shri Vaishnav Vidyapeeth Vishwavidyalaya",Indore,Madhya Pradesh
763,"Shri Vile Parle Kelavani Mandal`s Dwarkadas J. Sanghvi College of Engineering",Mumbai Suburban,Maharashtra,195
764,"Shri Vishnu Engineering College for Women",Bhimavaram,Andhra Pradesh,183
765,"Siddaganga Institute of Technology",Tumkur,Karnataka,79
766,"Siddartha Educational Academy Group of Institutions (Integrated Campus)",Tirupathi,Andhra Pradesh
767,"Siddharth Institute of Engineering & Technology",PUTTUR,Andhra Pradesh
768,"Siddhartha Institute of Science & Technology",Puttur,Andhra Pradesh
769,"SIES Graduate School of Technology",Navi Mumbai,Maharashtra
770,"Sikkim Manipal University",Gangtok,Sikkim
771,"Siksha `O` Anusandhan",Bhubaneswar,Odisha,32
772,"Silicon Institute of Technology (SIT), Bhubaneswar",Bhubaneswar,Odisha
773,"Sinhgad Academy of Engineering",Pune,Maharashtra
774,"Sinhgad College of Engineering",Pune,Maharashtra
775,"Sinhgad Technical Education Society`s Sinhgad Institute of Technology",Pune,Maharashtra
776,"Sinhgad Technical Education Society`s Sinhgad Institute of Technology & Science",Pune,Maharashtra
777,"Sinhgad Technical Education Society`s SKN Sinhgad Institute of Technology and Science",Pune,Maharashtra
778,"Sir C. R. R. College of Engineerng",West Godavari,Andhra Pradesh
779,"Sir C. V. Raman Institute of Technology & Sciences",Tadipatri,Andhra Pradesh
780,"Sir M. Visvesvaraya Institute of Technology",Bengaluru,Karnataka
781,"Sir Padmapat Singhania University",Udaipur,Rajasthan
782,"Sir Vishveshwaraiah Institute of Science & Technology",Chittoor,Andhra Pradesh
783,"SJB INSTITUTE OF TECHNOLOGY",Bengaluru,Karnataka
784,"Smt. Kamala & Vekappa M Agadi College of Engg. & Technology, Lakshmeshwara",Gadag,Karnataka
785,"SNS College of Engineering",Coimbatore,Tamil Nadu
786,"SNS College of Technology",Coimbatore,Tamil Nadu
787,"Sona College of Technology",Salem,Tamil Nadu,102
788,"Sou. Sushila Danchand Ghodawat Charitable Trust`s Sanjay Ghodawat Group of Institutions",Kolhapur,Maharashtra
789,"Sphoorthy Engineering College",Hyderabad,Telangana
790,"SREE BUDDHA COLLEGE OF ENGINEERING FOR WOMEN",Elavumthitta,Kerala
791,"SREE BUDDHA COLLEGE OF ENGINEERING, PATTOOR",Pattoor,Kerala
792,"Sree Chaitanya College of Engineering",Karimnagar,Telangana
793,"Sree Chitra Thirunal College of Engineering",Thiruvananthapuram,Kerala
794,"Sree Rama Engineering College",Tirupati,Andhra Pradesh
795,"Sree Sastha Institute of Engineering and Technology",Chembarambakkam,Tamil Nadu
796,"Sree Sowdambika College of Engineering",Aruppukottai,Tamil Nadu
797,"Sree Vidyanikethan Engineering College",A.Rangampet,Andhra Pradesh,167
798,"Sreenidhi Institute of Science & Technology",Rangareddy,Telangana
799,"Sreenivasa Institute of Technology and Management Studies",Chittoor,Andhra Pradesh
800,"Sri Balaji Chockalingam Engineering College",Tiruvannamalai,Tamil Nadu
801,"Sri Eshwar College of Engineering",Coimbatore,Tamil Nadu
802,"Sri Hindu College of Engineering & Technology",HYDERABAD,Telangana
803,"Sri Jayachamarajendra College of Engineering",Mysuru,Karnataka
804,"SRI JAYARAM INSTITUTE OF ENGINEERING AND TECHNOLOGY",Thiruvallur,Tamil Nadu
805,"Sri Krishna College of Engineering and Technology",Coimbatore,Tamil Nadu,97
806,"Sri Krishna College of Technology",Coimbatore,Tamil Nadu,145
807,"Sri Manakula Vinayagar Engineering College",Puducherry,Pondicherry
808,"Sri Mittapalli College of Engineering",Guntur,Andhra Pradesh
809,"Sri Mittapalli Institute of Technology for Women",Guntur,Andhra Pradesh
810,"Sri Muthukumaran Institute of Technology",Kancheepuram,Tamil Nadu
811,"Sri Padmavathi Mahila Visva Vidyalayam",Tirupathi,Andhra Pradesh
812,"Sri Ramakrishna Engineering College",Coimbatore,Tamil Nadu,138
813,"Sri Ramakrishna Institute of Technology",Coimbatore,Tamil Nadu
814,"Sri Sai Ram Institute of Technology",Chennai,Tamil Nadu,194
815,"Sri Sairam College of Engineering",Bengaluru,Karnataka
816,"Sri Sairam Engineering College",Kancheepuram,Tamil Nadu,123
817,"Sri Sarathi Institute of Engineering & Technoology",Nuzvid,Andhra Pradesh
818,"Sri Shakthi Institute of Engineering and Technology",Coimbatore,Tamil Nadu
819,"Sri Shanmugha College of Engineering and Technology",Sankari,Tamil Nadu
820,"Sri Siddharatha Acedemy of Higher Education",Tumkur,Karnataka
821,"Sri Siddhartha Institute of Technology, Tumkur.",Tumkur,Karnataka
822,"Sri Sivani College of Engineering",Srikakulam,Andhra Pradesh
823,"Sri Sivasubramaniya Nadar College of Engineering",Kancheepuram,Tamil Nadu,37
824,"Sri Vasavi Engineering College, Pedatadepalli, Tadepalligudem, PIN-534101 (CC-A8)",West Godavari,Andhra Pradesh
825,"Sri Venkatesa Perumal College of Engineering & Technology",Puttur,Andhra Pradesh
826,"SRI VENKATESHWARA COLLEGE OF ENGINEERING",Bengaluru,Karnataka
827,"Sri Venkateswara College of Engineering",Kadapa,Andhra Pradesh
828,"Sri Venkateswara College of Engineering",Tirupati,Andhra Pradesh
829,"Sri Venkateswara College of Engineering",Kancheepuram,Tamil Nadu,143
830,"Sri Venkateswara College of Engineering and Technology",Chittoor,Andhra Pradesh,176
831,"Sri Venkateswara Engineering College for Women",Tirupati,Andhra Pradesh
832,"Sri Venkateswara University",Tirupati,Andhra Pradesh,89
833,"Srinivasa Institute of Engineering and Technology",Amalapuram,Andhra Pradesh
834,"Srinivasa Ramanujan Institute of Technology",Anantapur,Andhra Pradesh
835,"Sriram Engineering College",Chennai,Tamil Nadu
836,"SRM Institute of Science and Technology",Chennai,Tamil Nadu,36
837,"SRM University",Sonipat,Haryana
838,"SSBT's College of Engineering & Technology",Jalgaon,Maharashtra
839,"SSM Institute of Engineering and Technology",Dindigul,Tamil Nadu
840,"St. Aloysius Institute of Technology, Mandla Road, Jabalpur - 482001",Jabalpur,Madhya Pradesh
841,"St. Francis Institute of Technology",Mumbai,Maharashtra
842,"St. Johns College of Engineering & Technology",Kurnool,Andhra Pradesh
843,"St. Joseph College of Engineering",Chennai,Tamil Nadu
844,"ST. JOSEPH ENGINEERING COLLEGE",Mangaluru,Karnataka
845,"ST. JOSEPH'S COLLEGE OF ENGINEERING",THANJAVUR,Tamil Nadu
846,"St. Joseph`s Institute of Technology",Chennai,Tamil Nadu
847,"St. Josephs College of Engineering",Kancheepuram,Tamil Nadu,128
848,"St. Martin's Engineering College",Secunderabad,Telangana
849,"St. Mary's Group of Institutions",Guntur,Andhra Pradesh
850,"St. Peter's Engineering College",Rangareddy,Telangana
851,"St. Peter`s College of Engineering and Technology",Avadi,Tamil Nadu
852,"St. Vincent Palloti College of Engineering and Technology",Nagpur,Maharashtra
853,"St. Xavier`s Catholic College of Engineering",Kanniyakumari,Tamil Nadu
854,"Stanley College of Engineering & Technology for Women",Hyderabad,Telangana
855,"Supreme Knowledge Foundation Group of Institutions",Hugli,West Bengal
856,"Suresh Gyan Vihar University",Jaipur,Rajasthan
857,"SVKM`s Narsee Monjee Institute of Management Studies ",Mumbai,Maharashtra,110
858,"Swami Keshvanand Institute of Technology, Management & Gramothan",Jaipur,Rajasthan
859,"Swami Vivekanand Subharti University",Meerut,Uttar Pradesh
860,"Swami Vivekananda Institute of Science & Technology",Kolkata,West Bengal
861,"Swami Vivekananda Institute of Technology",Hyderabad,Telangana
862,"SWARNANDHRA COLLEGE OF ENGINEERING & TECHNOLOGY",Narsapur,Andhra Pradesh
863,"Syed Ammal Engineering College",Ramanathapuram,Tamil Nadu
864,"Synergy Institute of Engineering & Technology",Dhenkanal,Odisha
865,"T. John Institute of Technology",Bengaluru,Karnataka
866,"T. K. M. College of Engineering",Kollam,Kerala
867,"T. K. M. Institute of Technology",Kollam,Kerala
868,"T. K. R. College of Engineering & Technology",Hyderabad,Telangana
869,"Tadipatri Engineering College",Anantapur,Andhra Pradesh
870,"Tagore Engineering College",Kancheepuram,Tamil Nadu
871,"Tagore Institute of Engineering and Technology",Attur,Tamil Nadu
872,"Tamil Nadu Fisheries University",Nagapattinam,Tamil Nadu
873,"Tamil Nadu Veterinary & Animal Sciences University",Chennai,Tamil Nadu,108
874,"Tatyasaheb Kore Institute of Engineering & Technology, WARANANAGAR",Warananagar,Maharashtra
875,"Techno India",Kolkata,West Bengal
876,"TECHNO INTERNATIONAL NEW TOWN",North Twenty Four Parganas,West Bengal
877,"Technology Education & Research Institute",Barna,Haryana
878,"Teegala Krishna Reddy Engineering College",Rangareddy,Telangana
879,"Teerthanker Mahaveer University",Moradabad,Uttar Pradesh
880,"Terna Public Charitable Trust's Terna Engineering College",Mumbai,Maharashtra
881,"Terna Public Charitable Trust`s College of Engineering",Osmanabad,Maharashtra
882,"Thadomal Shahani Engineering College",Mumbai,Maharashtra
883,"Thakur College of Engineering & Technology",Mumbai,Maharashtra,193
884,"Thapar Institute of Engineering and Technology (Deemed-to-be-university)",Patiala,Punjab,23
885,"The Assam Kaziranga University",Jorhat,Assam
886,"The Bombay Salesian Society`s Don Bosco Institute Technology",Mumbai,Maharashtra
887,"The Institute of Chartered Financial Analysts of India University",Agartala,Tripura
888,"The Kavery Engineering College",Salem,Tamil Nadu
889,"The LNM Institute of Information Technology",Jaipur,Rajasthan
890,"The National Institute of Engineering",Mysore,Karnataka,178
891,"The Northcap University",Gurgaon,Haryana,117
892,"The Oxford College of Engineering",Bengaluru,Karnataka
893,"The Rashtrasant Tukadoji Maharaj Nagpur University",Nagpur,Maharashtra,122
894,"Theni Kammavar Sangam College of Technology",Theni,Tamil Nadu
895,"Thiagarajar College of Engineering",Madurai,Tamil Nadu,56
896,"Tontadarya College of Engineering",Gadag,Karnataka
897,"Transnational Knowledge Society`s Group of Institutions",Indore,Madhya Pradesh
898,"Trident Academy of Technology (TAT)",Bhubaneswar,Odisha
899,"Trinity Academy of Engineering",Pune,Maharashtra
900,"Tulas Institute",Dehradun,Uttarakhand
901,"U. V. Patel College of Engineering",Kherva,Gujarat
902,"Ujjain Engineering College",Ujjain,Madhya Pradesh
903,"UNITED INSTITUTE OF TECHNOLOGY",Coimbatore,Tamil Nadu
904,"Universal Institute of Engg. & Technology , Vill Ballopur, Lalru",Sahibzada Ajit Singh Nagar,Punjab
905,"University College of Engineering",Hyderabad,Telangana,83
906,"University College of Engineering",Kakinada,Andhra Pradesh,103
907,"University College of Engineering",Vizianagaram,Andhra Pradesh
908,"University Institute of Chemical Technology",Jalgaon,Maharashtra
909,"University Institute of Engineering and Technology",Chandigarh,Chandigarh
910,"University Institute of Technology, RGPV",Bhopal,Madhya Pradesh
911,"University of Petroleum and Energy Studies",Dehradun,Uttarakhand,146
912,"Uttaranchal University",Dehradun,Uttarakhand
913,"V. S. B. Engineering College",Karur,Tamil Nadu
914,"V. S. M College of Engineering and Technology",Ramachandrapuram,Andhra Pradesh
915,"V. V. College of Engineering",Tirunelveli,Tamil Nadu
916,"V.R.S. COLLEGE OF ENGINEERING AND TECHNOLOGY",VILUPPURAM,Tamil Nadu
917,"Vaagdevi College of Engineering",Warangal (Rural),Telangana
918,"Vaagdevi Institute of Technology and Science",Proddatur,Andhra Pradesh
919,"Valliammai Engineering College",Chennai,Tamil Nadu
920,"Vallurupalli Nageswara Rao Vignana Jyothi Institute of Engineering and Technology",Hyderabad,Telangana,109
921,"Vardhaman College of Engineering",Rangareddy,Telangana,152
922,"Vasavi College of Engineering",Hyderabad,Telangana,170
923,"Vasireddy Venkatadri Institute of Technology",Guntur,Andhra Pradesh
924,"Vedant College of Engineering & Technology",Bundi,Rajasthan
925,"Veer Surendra Sai University of Technology",Burla,Odisha,126
926,"Veermata Jijabai Technological Institute",Mumbai,Maharashtra,105
927,"Vel Tech",Morai,Tamil Nadu,190
928,"Vel Tech High Tech Dr. Rangarajan Dr. Sakunthala Engineering College",Morai,Tamil Nadu
929,"Vel Tech Multi Tech Dr. Rangarajan Dr. Sakunthala Engineering College",Morai,Tamil Nadu,190
930,"Vel Tech Rangarajan Dr. Sagunthala R & D Institute of Science and Technology",Chennai,Tamil Nadu,86
931,"Velagapudi Ramakrishna Siddhartha Engineering College",Vijayawada,Andhra Pradesh,171
932,"Velalar College of Engineering and Technology",Erode,Tamil Nadu
933,"Velammal College of Engineering & Technology",Madurai,Tamil Nadu
934,"Velammal Engineering College (Engg. & Tech)",Chennai,Tamil Nadu
935,"Velammal Institute of Technology",Thiruvallur,Tamil Nadu
936,"Vellore Institute of Technology",Vellore,Tamil Nadu,18
937,"VELS Institute of Science Technology & Advanced Studies ",Chennai,Tamil Nadu
938,"Vemana Institute of Technology",Bengaluru,Karnataka
939,"Vemu Institute of Technology",Chittoor,Andhra Pradesh
940,"Vidya Jyothi Institute of Technology",Hyderabad,Telangana
941,"Vidya Vardhaka College of Engineering Mysore",Mysuru,Karnataka
942,"Vidya Vikas Institute of Engineering & Technology",Mysore,Karnataka
943,"Vidyalankar Institute of Technology Pearl Center",Mumbai,Maharashtra
944,"Vignan Institute of Technology and Science",Hyderabad,Telangana
945,"VIGNAN'S INSTITUTE OF ENGINEERING FOR WOME",Visakhapatnam,Andhra Pradesh
946,"Vignan`s Foundation for Science, Technology and Research",Guntur,Andhra Pradesh,107
947,"Vignan`s Institute of Information Technology",Visakhapatnam,Andhra Pradesh
948,"Vignan`s Lara Institute of Technology & Science",Vadlamudi,Andhra Pradesh
949,"Vignan`s Nirula Institute of Technology & Science for Women",Guntur,Andhra Pradesh
950,"Vignana Bharathi Institute of Technology",HYDERABAD,Telangana
951,"Vimal Jyothi Engineering College",Kannur,Kerala
952,"Vinayaka Mission's Kirupananda Variyar Engineering College",Salem,Tamil Nadu
953,"Vishnu Institute of Technology",Bhimavaram,Andhra Pradesh
954,"VISHWAKARMA GOVERNMENT ENGINEERING COLLEGE CHANDKH",Ahmedabad,Gujarat
955,"Vishwakarma Institute of Information Technology",Pune,Maharashtra
956,"Visvesvaraya National Institute of Technology",Nagpur,Maharashtra,31
957,"Visvodaya Engineering College",Kavali,Andhra Pradesh
958,"Viswanadha Institute of Technology and Management",Visakhapatnam,Andhra Pradesh
959,"Vivekanand Education Society`s Institute of Technology Sindhi Society",Mumbai Suburban,Maharashtra
960,"Vivekananda Institute of Technology, BANGALORE",Bangalore Rural,Karnataka
961,"Vivekanandha College of Engineering for Women",Namakkal,Tamil Nadu
962,"Vivekanandha College of Technology for Women",Namakkal,Tamil Nadu
963,"Walchand College of Engineering",Sangli,Maharashtra,153
964,"Walchand Institute of Technology",Solapur,Maharashtra
965,"World College of Technology & Management,Farukh Nagar-Haley Mandi Road,Gurgaon",Gurgaon,Haryana
966,"Yashoda Technical campus, Faculty of Engineering, Wadhe",SATARA,Maharashtra
967,"Yeshwantrao Chavan College of Engineering",Nagpur,Maharashtra,134
968,"YMCA University of Science & Tech",Faridabad,Haryana,144
969,"Zeal Education Society`s Zeal College of Engineering & Research",Pune,Maharashtra
